ticker,company,sub_sector,coverage,thesis,price,market_cap,enterprise_value,shares_out,capex,revenue,ebitda,net_income,fcf,total_debt,cash,cap_tier,ev_revenue,ev_ebitda,pe,ebitda_margin,net_margin,fcf_yield,rev_growth,rev_cagr_multi,revenue_fy,revenue_info,revenue_basis_gap,ev_ebitda_api,ev_rev_api,pe_api,net_debt,rule_of_40,leverage,dq_flags,suppressed,severity,excluded,exclusion_reason,rev_growth_reported
PYPL,PayPal Holdings,Merchant Payments & Transaction Processing,high,Two-sided branded checkout + unbranded Braintree processing.,55.04,47084568576.0,50049564672.0,855460874.0,-889000000.0,34128000000.0,7287000000.0,4902000000.0,6586000000.0,9987000000.0,8049000000.0,large,1.4665249845288326,6.868336032935364,9.605175148102814,0.2135196905766526,0.14363572433192687,0.13987597633754306,0.04324307324590371,0.06426945232818149,33172000000.0,34127998976.0,0.02801216024040237,7.752,1.467,10.404537,1938000000.0,25.67627638225563,0.26595306710580485,[],[],clean,False,,
GPN,Global Payments,Merchant Payments & Transaction Processing,high,Merchant acquiring at scale; integrated/vertical software POS.,86.49,22886844416.0,41892634624.0,264618390.0,-835022000.0,10230917000.0,3816606000.0,-934174000.0,822719000.0,21865376000.0,8336402000.0,large,4.094709655449262,10.976410618229915,,0.3730463261504321,-0.09130892177113742,0.03594724484712467,-0.003889880648451305,-0.0495682906305519,7705878000.0,10206745600.0,0.2450210574465577,9.346,4.104,40.99052,13528974000.0,36.91564455019808,3.5447656897253736,"['NEGATIVE_EARNINGS', 'API_MULTIPLE_DISAGREES', 'REVENUE_BASIS_AMBIGUOUS']","['ev_revenue', 'pe']",warn,False,,
FISV,Fiserv,Merchant Payments & Transaction Processing,high,Merchant acquiring (Clover) + bank processing. Ticker moved to FI in 2023; FISV is the record that still carries data in this API.,46.48,24716517376.0,53041517376.0,531766721.0,-1905000000.0,20866000000.0,8114000000.0,2801000000.0,3926000000.0,29123000000.0,798000000.0,large,2.5420069671235503,6.537036896228741,8.82417614280614,0.3888622639700949,0.1342375155755775,0.15884114821986156,0.03602854908095421,0.06113528837230442,21193000000.0,,,,,8.904215,28325000000.0,42.48908130510491,3.490879960561992,"['EV_DERIVED', 'API_SUMMARY_DEGRADED']",[],warn,False,,
EVTC,Evertec,Merchant Payments & Transaction Processing,medium,Dominant payment processor in Puerto Rico / Latin America.,28.18,1683826688.0,2825962752.0,59752542.0,-97031000.0,996162000.0,345942000.0,97578000.0,134539000.0,1130380000.0,305993000.0,small,2.8368505845434777,8.168891756421596,17.256212342946156,0.3472748408391406,0.09795394724954375,0.07990074094846512,0.10210931937370926,0.1464411462558748,931818000.0,996161984.0,0.06459188870230968,10.287,2.837,18.298702,824387000.0,44.938416021284986,2.383020853206607,['API_MULTIPLE_DISAGREES'],[],warn,False,,
PAYO,Payoneer Global,Merchant Payments & Transaction Processing,medium,Cross-border B2B payouts for SMB marketplace sellers; earns float income on customer balances.,7.17,2429560576.0,2169402368.0,338850836.0,-106290000.0,862446000.0,188047000.0,50267000.0,115808000.0,72333000.0,415537000.0,mid,2.515406608645643,11.536490175328508,48.333112698191655,0.21803915839368493,0.058284228809687796,0.047666232792871924,0.13912355903283524,0.12787292674660855,821160000.0,1081395968.0,0.2406481767093106,11.082,2.006,51.214287,-343204000.0,35.71627174265202,-1.8250969172600466,"['API_MULTIPLE_DISAGREES', 'REVENUE_BASIS_AMBIGUOUS']",['ev_revenue'],warn,False,,
MQ,Marqeta,Merchant Payments & Transaction Processing,medium,Modern card-issuing API platform; heavy customer concentration.,16.96,1765516032.0,1071365248.0,95911790.0,-32702000.0,677212000.0,20795000.0,10383000.0,167196000.0,16278000.0,709443000.0,small,1.582023425456135,51.52032930993027,170.03910546084947,0.03070678015156258,0.01533197875997472,0.09470092424513311,0.23252497559147534,-0.05827072184675586,624884000.0,677212032.0,0.07726979074110721,62.609,1.582,188.44443,-693165000.0,26.323175574303793,-33.333253185861984,"['EXTREME_MULTIPLE', 'API_MULTIPLE_DISAGREES']","['ev_ebitda', 'pe']",warn,False,,
PRTH,Priority Technology Holdings,Merchant Payments & Transaction Processing,low,SMB acquiring + B2B payables + embedded 'Treasury/Passport' banking-as-a-service. Levered rollup.,7.78,641633920.0,1577037056.0,82472221.0,-24550000.0,1000381000.0,210814000.0,56157000.0,103720000.0,1039358000.0,77192000.0,small,1.576436433718753,7.480703634483478,11.425715761169577,0.21073371045631614,0.05613561233170162,0.1616498080400737,0.08333162821046214,0.12820476849208973,953009000.0,1000380992.0,0.04735395052368208,7.841,1.576,11.61194,962166000.0,29.40653386667783,4.564051723320083,['LOW_COVERAGE'],[],info,False,,
PMTS,CPI Card Group,Merchant Payments & Transaction Processing,low,Physical payment-card manufacturing & personalization. Hardware economics inside a payments wrapper.,24.75,286901568.0,584957056.0,11591982.0,-15162000.0,587309000.0,79612000.0,13754000.0,76554000.0,299125000.0,21700000.0,micro,0.9959953891392777,7.347599055418781,20.85950036353061,0.13555385665807948,0.02341867739128806,0.26683019034597955,0.13094646078555816,0.04540400870296302,543534000.0,587308992.0,0.07453485745370642,7.585,0.996,21.52174,277425000.0,26.650031744363766,3.484713359795006,['LOW_COVERAGE'],[],info,False,,
JKHY,Jack Henry & Associates,Financial-Institution Software,high,Core banking processing for community banks / credit unions.,147.79,10361942016.0,10427707392.0,70112608.0,-255454000.0,2544340000.0,871419000.0,502775000.0,506506000.0,40000000.0,12056000.0,large,4.098393843590086,11.96635303109067,20.609501299786185,0.34249314163987515,0.19760527288019683,0.04888137756589431,0.0711707380326092,0.06986892255213517,2544339000.0,2544338944.0,2.2009645727239962e-08,14.85,4.098,21.234194,27944000.0,41.366387967248436,0.03206723745982128,['API_MULTIPLE_DISAGREES'],[],warn,False,,
QTWO,Q2 Holdings,Financial-Institution Software,medium,Digital banking front-end platform for regional FIs.,56.13,3499969280.0,3434477056.0,62354695.0,-37229000.0,846197000.0,152171000.0,91988000.0,189035000.0,346821000.0,367631000.0,mid,4.058720435075993,22.569852705180356,38.04810714441014,0.1798292832520087,0.10870754682420287,0.054010474057646585,0.1412061499230397,0.1200371866945138,794809000.0,846196992.0,0.06072816671038225,30.04,4.059,39.52817,-20810000.0,32.10354331750484,-0.13675404643460318,['API_MULTIPLE_DISAGREES'],[],warn,False,,
NCNO,nCino,Financial-Institution Software,medium,Cloud loan-origination / onboarding built on Salesforce.,19.41,2052339200.0,2323080192.0,105736174.0,-1444000.0,622244000.0,92506000.0,33597000.0,132169000.0,278695000.0,88374000.0,mid,3.733391068455461,25.1127515188204,61.08697800398845,0.14866515386247195,0.05399328880632035,0.06439919872894305,0.1001078317676456,0.13358454801836683,594781000.0,622243968.0,0.04413537038899829,25.287,3.733,62.612904,190321000.0,24.877298563011756,2.0573908719434417,[],[],clean,False,,
ALKT,Alkami Technology,Financial-Institution Software,medium,Cloud-native digital banking for credit unions; GAAP-unprofitable growth compounder.,13.8,1475799424.0,1753002368.0,106941980.0,-9436000.0,489727000.0,-300000.0,-45108000.0,55197000.0,368545000.0,63457000.0,small,3.579550173872382,,,-0.0006125861959826597,-0.09210846042795272,0.0374014240027241,0.3288612516437073,0.29501572788631836,443639000.0,489727008.0,0.09410959013312167,-79.228,3.58,,305088000.0,32.82486654477246,,"['NEGATIVE_EBITDA', 'NEGATIVE_EARNINGS']","['ebitda_margin', 'ev_ebitda', 'pe']",warn,False,,
MITK,Mitek Systems,Financial-Institution Software,low,Mobile check deposit IP + identity verification sold to FIs.,17.66,796861184.0,753325120.0,45122374.0,-5077000.0,197902000.0,53495000.0,22535000.0,48613000.0,155186000.0,154153000.0,small,3.8065563763883135,14.082159454154594,35.361046549811405,0.270310557750806,0.11386949096017221,0.06100560671807048,0.044211223653702,0.07460433682413381,179691000.0,197902000.0,0.0920202928722297,15.203,3.807,37.574467,1033000.0,31.452178140450798,0.019310215908028786,['LOW_COVERAGE'],[],info,False,,
LPRO,Open Lending,Financial-Institution Software,low,Lenders Protection risk-analytics SaaS for credit-union auto lending; revenue carries insurance-like risk-sharing.,3.14,371532640.0,282970624.0,118322488.0,-713000.0,89315000.0,4412000.0,-5313000.0,-833000.0,134291000.0,176614000.0,small,3.1682318087667247,64.13658748866727,,0.04939819739125567,-0.05948608856295135,-0.0022420641158203487,-0.19634848788962644,-0.19634848788962644,93217000.0,89315000.0,0.04185931750646341,56.357,3.168,,-42323000.0,-14.695029049837077,-9.592701722574796,"['LOW_COVERAGE', 'NEGATIVE_EARNINGS', 'EXTREME_MULTIPLE', 'GROWTH_OFF_DISTORTED_BASE']","['ev_ebitda', 'pe']",warn,False,,2.8801615051615053
IIIV,i3 Verticals,Financial-Institution Software,low,"ORIGINALLY SELECTED AS A PAYMENTS COMP. Primary-source check of the filed business description shows it now sells enterprise software to PUBLIC SECTOR entities (courts, e-filing, permitting) after divesting its merchant-services business. Neither a payments pure-play nor an FI-software vendor.",14.88,517572704.0,504141856.0,18019748.0,-10886000.0,218157000.0,47825000.0,8519000.0,41498000.0,4791000.0,66672000.0,small,2.3109130396915982,10.54138747516989,60.75510083343115,0.2192228532662257,0.03904985858808106,0.08017810769247986,0.11465654283801885,0.043211473572950965,213158000.0,218156992.0,0.022914654048768697,24.507,2.311,51.31035,-61881000.0,33.38793961042445,-1.2939048614741244,"['BUSINESS_MODEL_DRIFT', 'LOW_COVERAGE', 'API_MULTIPLE_DISAGREES']",[],block,True,"Business-model drift: divested merchant services (revenue fell ~$385M -> $213M); end market is government, not financial institutions. Trailing P/E is additionally distorted by a one-time gain on sale (FY2024 net income $113.3M on $191.2M revenue). Retained in the universe as a research finding; excluded from all sub-sector medians.",
