ticker,sub_sector,cap_tier,primary_multiple,discount_to_peer,s_value,s_quality,s_growth,s_risk,confidence,score_raw,score
PYPL,Merchant Payments & Transaction Processing,large,6.5595863318237955,0.09638223316509553,1.0,0.5625,0.375,0.1875,1.0,0.565625,0.565625
MITK,Financial-Institution Software,small,3.5945131630807166,0.1299086587526309,0.8333333333333334,0.9166666666666667,0.3333333333333333,0.35000000000000003,0.8999999999999999,0.5808333333333333,0.5227499999999999
NCNO,Financial-Institution Software,mid,4.012071508925759,0.028834080721606647,0.6666666666666666,0.6666666666666667,0.6666666666666666,0.5,1.0,0.49166666666666664,0.49166666666666664
PMTS,Merchant Payments & Transaction Processing,micro,7.259248957443601,0.0,0.5714285714285714,0.625,0.75,0.36250000000000004,0.8999999999999999,0.48312499999999997,0.43481249999999994
PRTH,Merchant Payments & Transaction Processing,small,6.718142058876545,0.07454034180935587,0.7142857142857143,0.625,0.5,0.55,0.8999999999999999,0.45499999999999996,0.4094999999999999
QTWO,Financial-Institution Software,mid,4.250309674933851,-0.028834080721606536,0.5,0.6666666666666666,0.8333333333333334,0.24999999999999997,0.8,0.5041666666666668,0.40333333333333343
FISV,Merchant Payments & Transaction Processing,large,6.583567940842987,0.09307863947933259,0.8571428571428571,0.875,0.25,0.5249999999999999,0.7000000000000001,0.5337500000000001,0.3736250000000001
EVTC,Merchant Payments & Transaction Processing,small,8.07734753224529,-0.11269741258326915,0.42857142857142855,0.5625,0.625,0.35,0.8,0.39125,0.313
JKHY,Financial-Institution Software,large,4.292941528254872,-0.03915358846939765,0.3333333333333333,0.75,0.5,0.5,0.8,0.36666666666666664,0.29333333333333333
MQ,Merchant Payments & Transaction Processing,small,,,,0.3125,1.0,0.26875,0.65,0.37593750000000004,0.24435937500000005
PAYO,Merchant Payments & Transaction Processing,mid,11.464412875504529,-0.5792836067082354,0.14285714285714285,0.4375,0.875,0.26875,0.65,0.31593750000000004,0.20535937500000004
ALKT,Financial-Institution Software,mid,4.743465514460097,-0.14820786136721908,0.16666666666666666,0.25,1.0,0.29999999999999993,0.7000000000000001,0.2883333333333334,0.2018333333333334
LPRO,Financial-Institution Software,small,3.1682318087667247,0.23309473667087643,1.0,0.25,0.16666666666666666,0.475,0.35,0.38708333333333333,0.13547916666666665
GPN,Merchant Payments & Transaction Processing,large,10.877263663055604,-0.49840069225096717,0.2857142857142857,0.5,0.125,0.6125,0.65,0.18312500000000004,0.11903125000000003
